text,label
"I love this product! It's absolutely amazing and works perfectly.",positive
"This is the best purchase I've ever made. Highly recommend!",positive
"Great quality, fast shipping, very happy with my order.",positive
"Excellent service and the product exceeded my expectations.",positive
"Totally worth the money. Five stars!",positive
"I'm so happy with this, it works exactly as described.",positive
"Fantastic! The quality is outstanding and delivery was quick.",positive
"Really impressed by this product. Will definitely buy again.",positive
"Perfect fit, great material, love everything about it.",positive
"Best product ever! Customer service was also very helpful.",positive
"Absolutely terrible experience. Never buying again.",negative
"This product is a complete waste of money. Very disappointed.",negative
"Horrible quality, broke after one day. Total scam.",negative
"Worst purchase of my life. Don't waste your money.",negative
"Very dissatisfied. The item looks nothing like the pictures.",negative
"Poor quality and terrible customer service. Avoid at all costs.",negative
"This is garbage. It stopped working after 2 hours.",negative
"Extremely disappointed. Product arrived damaged and support was useless.",negative
"Do not buy this! Complete disappointment.",negative
"Awful experience from start to finish. Regret this purchase.",negative
"It's okay, nothing special but gets the job done.",neutral
"Average product, meets basic expectations.",neutral
"Decent quality for the price, nothing to complain about.",neutral
"It works fine. Not amazing but not bad either.",neutral
"Mediocre at best. Expected more for the price.",neutral
"The product is alright. Nothing extraordinary.",neutral
"Fairly standard product. Does what it says.",neutral
"So-so experience. Some things good, some not so good.",neutral
"It arrived on time and works as described. Pretty standard.",neutral
"Not bad, not great. Just an average product.",neutral
"I can't believe how quickly this shipped! Love the packaging.",positive
"The color is beautiful and exactly as shown. Very pleased.",positive
"Works like a charm! Easy to set up and use.",positive
"Incredible value for money. Way better than expected.",positive
"Super happy customer here! This exceeded all my expectations.",positive
"Ugh, this is terrible. Stopped working after a week.",negative
"Save your money. This product is not worth it.",negative
"I regret buying this. Completely useless product.",negative
"Terrible smell, cheap material, and awful packaging.",negative
"Broke on the first use. Absolute rubbish.",negative
"Just okay. Does what it's supposed to, nothing more.",neutral
"Meh. It's fine for occasional use.",neutral
"Passable product. No complaints but no excitement either.",neutral
"Works as advertised. Pretty basic.",neutral
"Standard quality. Does the job.",neutral
"This phone case is amazing! Perfect fit and great protection.",positive
"Love the design! It's exactly what I was looking for.",positive
"Shipping was super fast and packaging was secure.",positive
"Really solid build quality. Very impressed.",positive
"Highly recommend to anyone looking for this type of product.",positive
"Absolutely useless product. Money wasted.",negative
"Cheap and flimsy. Very poorly made.",negative
"Misleading description. Not what I expected at all.",negative
"Customer support ignored my complaint. Very unprofessional.",negative
"The worst product I've used in years.",negative
"It does the job adequately enough.",neutral
"Okay for the price. Not expecting miracles.",neutral
"Neither impressed nor disappointed. It's just fine.",neutral
"Functional but unremarkable.",neutral
"Meets minimum expectations.",neutral
